candidate_id,sequence_length,n_9mers,n_hits,worst_ic50_nM,worst_peptide,flagged,stealth_score
CH02_WT,12,4,0,26749.1314,RPPMWSPVW,False,1.0000
CH02_T1A,12,4,0,26749.1314,RPPMWSPVW,False,1.0000
CH02_R3A,12,4,0,20755.3901,HAPPMWSPV,False,1.0000
CH02_M7A,12,4,0,25311.2718,RPPAWSPVW,False,1.0000
CH02_W8A,12,4,0,25980.1315,RPPMASPVW,False,1.0000
CH02_P5A,12,4,0,26815.7797,RPAMWSPVW,False,1.0000
CH02_V10A,12,4,0,26696.0672,RPPMWSPAW,False,1.0000
CH02_W11A,12,4,0,31138.1116,RPPMWSPVA,False,1.0000
CH02_V10I,12,4,0,26715.4275,RPPMWSPIW,False,1.0000
CH02_M7L,12,4,0,25816.9136,RPPLWSPVW,False,1.0000
CH02_P4S,12,4,0,25804.1100,RPSMWSPVW,False,1.0000
8G12_scFv,249,241,7,59.5204,RAEDTAVYY,True,0.9710
