candidate_id,iptm,ptm,fraction_disordered,ranking_score,has_clash,ligand_plddt,mwsp_min_dist_A,best_seed,sequence_length,n_9mers,n_hits,worst_ic50_nM,worst_peptide,flagged,stealth_score,plddt_norm,lead_score
CH02_V10A,0.4900,0.6800,0.1800,0.6100,0.0000,49.6000,4.1300,0,12,4,0,26696.0672,RPPMWSPAW,False,1.0000,0.4960,0.6952
CH02_T1A,0.4400,0.6800,0.2100,0.6000,0.0000,49.1100,4.6800,0,12,4,0,26749.1314,RPPMWSPVW,False,1.0000,0.4911,0.6742
CH02_M7L,0.4100,0.6900,0.2200,0.5800,0.0000,47.8200,,0,12,4,0,25816.9136,RPPLWSPVW,False,1.0000,0.4782,0.6596
CH02_W8A,0.3800,0.6700,0.2300,0.5500,0.0000,43.2700,,0,12,4,0,25980.1315,RPPMASPVW,False,1.0000,0.4327,0.6385
CH02_M7A,0.3600,0.6800,0.2300,0.5400,0.0000,45.1000,,0,12,4,0,25311.2718,RPPAWSPVW,False,1.0000,0.4510,0.6342
CH02_P5A,0.3500,0.6700,0.2200,0.5200,0.0000,43.1300,5.5100,0,12,4,0,26815.7797,RPAMWSPVW,False,1.0000,0.4313,0.6263
CH02_WT,0.3500,0.6600,0.2200,0.5200,0.0000,42.8700,5.2600,0,12,4,0,26749.1314,RPPMWSPVW,False,1.0000,0.4287,0.6257
8G12_scFv,0.1500,0.6300,0.0900,0.2900,0.0000,86.1400,,0,249,241,7,59.5204,RAEDTAVYY,True,0.9710,0.8614,0.6207
CH02_R3A,0.3100,0.6500,0.2100,0.4800,0.0000,42.8600,5.0100,0,12,4,0,20755.3901,HAPPMWSPV,False,1.0000,0.4286,0.6097
CH02_P4S,0.3000,0.6600,0.2200,0.4800,0.0000,43.1900,4.8000,0,12,4,0,25804.1100,RPSMWSPVW,False,1.0000,0.4319,0.6064
CH02_V10I,0.2500,0.6800,0.2200,0.4500,0.0000,41.8100,4.1800,0,12,4,0,26715.4275,RPPMWSPIW,False,1.0000,0.4181,0.5836
CH02_W11A,0.2300,0.6500,0.2000,0.4200,0.0000,34.8900,6.0200,0,12,4,0,31138.1116,RPPMWSPVA,False,1.0000,0.3489,0.5618
